INSERT INTO `categorias` (`id_categoria`, `nombre_categoria`, `img_categoria`, `activo`) VALUES (1, 'frutas', 'https://bwgufixmrvvtsfrcpuwu.supabase.co/storage/v1/object/public/imgs/categorias/frutas.png?', 1);
INSERT INTO `categorias` (`id_categoria`, `nombre_categoria`, `img_categoria`, `activo`) VALUES (2, 'bebidas', 'https://bwgufixmrvvtsfrcpuwu.supabase.co/storage/v1/object/public/imgs/categorias/bebidas.png?', 1);

INSERT INTO `subcategoria` (`id_subcategoria`, `nombre_subcategoria`, `categoria`, `activo`) VALUES (1, 'manzanas', 1, 1);
INSERT INTO `subcategoria` (`id_subcategoria`, `nombre_subcategoria`, `categoria`, `activo`) VALUES (2, 'tomates', 1, 1);
INSERT INTO `subcategoria` (`id_subcategoria`, `nombre_subcategoria`, `categoria`, `activo`) VALUES (3, 'energisantes', 2, 1);
INSERT INTO `subcategoria` (`id_subcategoria`, `nombre_subcategoria`, `categoria`, `activo`) VALUES (4, 'cerveza', 2, 1);
INSERT INTO `subcategoria` (`id_subcategoria`, `nombre_subcategoria`, `categoria`, `activo`) VALUES (5, 'gaseosas', 2, 1);

INSERT INTO `productos` (`id_producto`, `categoria`, `subcategoria`, `nombre_producto`, `precio_producto`, `bv_puntos`, `imagen_producto`, `imgs_publicidad`, `descripcion`, `stock`, `activo`) VALUES (1, 1, 1, 'Manzana Roja', 4800, 24, 'https://bwgufixmrvvtsfrcpuwu.supabase.co/storage/v1/object/public/imgs/productos/manzana_roja.jpg?', 'images/product_images/manzana_roja1.jpg,images/product_images/manzana_roja2.jpg,images/product_images/manzana_roja3.jpg', 'Manzanas rojas frescas', 100, 1);
INSERT INTO `productos` (`id_producto`, `categoria`, `subcategoria`, `nombre_producto`, `precio_producto`, `bv_puntos`, `imagen_producto`, `imgs_publicidad`, `descripcion`, `stock`, `activo`) VALUES (2, 1, 1, 'Manzana Verde', 5000, 25, 'https://bwgufixmrvvtsfrcpuwu.supabase.co/storage/v1/object/public/imgs/productos/manzana_verde.jpg?', 'images/product_images/manzana_verde1.jpg,images/product_images/manzana_verde2.jpg,images/product_images/manzana_verde3.jpg', 'Manzanas verdes crocantes', 90, 1);
INSERT INTO `productos` (`id_producto`, `categoria`, `subcategoria`, `nombre_producto`, `precio_producto`, `bv_puntos`, `imagen_producto`, `imgs_publicidad`, `descripcion`, `stock`, `activo`) VALUES (3, 1, 1, 'Manzana Fuji', 5500, 28, 'https://bwgufixmrvvtsfrcpuwu.supabase.co/storage/v1/object/public/imgs/productos/manzana_fuji.jpg?', 'images/product_images/manzana_fuji1.jpg,images/product_images/manzana_fuji2.jpg,images/product_images/manzana_fuji3.jpg', 'Manzanas Fuji dulces', 80, 1);
INSERT INTO `productos` (`id_producto`, `categoria`, `subcategoria`, `nombre_producto`, `precio_producto`, `bv_puntos`, `imagen_producto`, `imgs_publicidad`, `descripcion`, `stock`, `activo`) VALUES (4, 1, 1, 'Manzana Golden', 5200, 26, 'images/product_images/manzana_golden.jpg', 'images/product_images/manzana_golden1.jpg,images/product_images/manzana_golden2.jpg,images/product_images/manzana_golden3.jpg', 'Manzanas golden premium', 70, 1);
INSERT INTO `productos` (`id_producto`, `categoria`, `subcategoria`, `nombre_producto`, `precio_producto`, `bv_puntos`, `imagen_producto`, `imgs_publicidad`, `descripcion`, `stock`, `activo`) VALUES (5, 1, 1, 'Manzana en Rodajas', 2500, 13, 'images/product_images/rodajas_manzana.jpg', 'images/product_images/rodajas1.jpg,images/product_images/rodajas2.jpg,images/product_images/rodajas3.jpg', 'Rodajas de manzana listas para comer', 60, 1);
INSERT INTO `productos` (`id_producto`, `categoria`, `subcategoria`, `nombre_producto`, `precio_producto`, `bv_puntos`, `imagen_producto`, `imgs_publicidad`, `descripcion`, `stock`, `activo`) VALUES (6, 1, 2, 'Tomate Cherry', 4200, 21, 'images/product_images/tomate_cherry.jpg', 'images/product_images/tomate_cherry1.jpg,images/product_images/tomate_cherry2.jpg,images/product_images/tomate_cherry3.jpg', 'Tomates cherry frescos', 100, 1);
INSERT INTO `productos` (`id_producto`, `categoria`, `subcategoria`, `nombre_producto`, `precio_producto`, `bv_puntos`, `imagen_producto`, `imgs_publicidad`, `descripcion`, `stock`, `activo`) VALUES (7, 1, 2, 'Tomate Perita', 3600, 18, 'images/product_images/tomate_perita.jpg', 'images/product_images/tomate_perita1.jpg,images/product_images/tomate_perita2.jpg,images/product_images/tomate_perita3.jpg', 'Tomates perita ideales para salsa', 90, 1);
INSERT INTO `productos` (`id_producto`, `categoria`, `subcategoria`, `nombre_producto`, `precio_producto`, `bv_puntos`, `imagen_producto`, `imgs_publicidad`, `descripcion`, `stock`, `activo`) VALUES (8, 1, 2, 'Tomate Roma', 3400, 17, 'images/product_images/tomate_roma.jpg', 'images/product_images/tomate_roma1.jpg,images/product_images/tomate_roma2.jpg,images/product_images/tomate_roma3.jpg', 'Tomate Roma carnoso', 85, 1);
INSERT INTO `productos` (`id_producto`, `categoria`, `subcategoria`, `nombre_producto`, `precio_producto`, `bv_puntos`, `imagen_producto`, `imgs_publicidad`, `descripcion`, `stock`, `activo`) VALUES (9, 1, 2, 'Tomate en Cubos', 5000, 25, 'images/product_images/tomate_cubos.jpg', 'images/product_images/tomate_cubos1.jpg,images/product_images/tomate_cubos2.jpg,images/product_images/tomate_cubos3.jpg', 'Tomate en cubos envasado', 75, 1);
INSERT INTO `productos` (`id_producto`, `categoria`, `subcategoria`, `nombre_producto`, `precio_producto`, `bv_puntos`, `imagen_producto`, `imgs_publicidad`, `descripcion`, `stock`, `activo`) VALUES (10, 1, 2, 'Tomate Seco', 8000, 40, 'images/product_images/tomate_seco.jpg', 'images/product_images/tomate_seco1.jpg,images/product_images/tomate_seco2.jpg,images/product_images/tomate_seco3.jpg', 'Tomate seco al sol', 50, 1);
INSERT INTO `productos` (`id_producto`, `categoria`, `subcategoria`, `nombre_producto`, `precio_producto`, `bv_puntos`, `imagen_producto`, `imgs_publicidad`, `descripcion`, `stock`, `activo`) VALUES (11, 2, 3, 'Vive100 Original', 2500, 15, 'images/product_images/vive100.jpg', 'images/product_images/vive100_1.jpg,images/product_images/vive100_2.jpg,images/product_images/vive100_3.jpg', 'Bebida energizante colombiana con cafeína y vitaminas', 200, 1);
INSERT INTO `productos` (`id_producto`, `categoria`, `subcategoria`, `nombre_producto`, `precio_producto`, `bv_puntos`, `imagen_producto`, `imgs_publicidad`, `descripcion`, `stock`, `activo`) VALUES (12, 2, 3, 'Volt Max', 3000, 18, 'images/product_images/volt.jpg', 'images/product_images/volt1.jpg,images/product_images/volt2.jpg,images/product_images/volt3.jpg', 'Energizante con sabor a frutas tropicales', 180, 1);
INSERT INTO `productos` (`id_producto`, `categoria`, `subcategoria`, `nombre_producto`, `precio_producto`, `bv_puntos`, `imagen_producto`, `imgs_publicidad`, `descripcion`, `stock`, `activo`) VALUES (13, 2, 3, 'Red Bull', 7500, 45, 'images/product_images/redbull.jpg', 'images/product_images/redbull1.jpg,images/product_images/redbull2.jpg,images/product_images/redbull3.jpg', 'Energizante internacional muy consumido en Colombia', 160, 1);
INSERT INTO `productos` (`id_producto`, `categoria`, `subcategoria`, `nombre_producto`, `precio_producto`, `bv_puntos`, `imagen_producto`, `imgs_publicidad`, `descripcion`, `stock`, `activo`) VALUES (14, 2, 3, 'Monster Energy', 8500, 50, 'images/product_images/monster.jpg', 'images/product_images/monster1.jpg,images/product_images/monster2.jpg,images/product_images/monster3.jpg', 'Alta dosis de energía con sabor intenso', 150, 1);
INSERT INTO `productos` (`id_producto`, `categoria`, `subcategoria`, `nombre_producto`, `precio_producto`, `bv_puntos`, `imagen_producto`, `imgs_publicidad`, `descripcion`, `stock`, `activo`) VALUES (15, 2, 3, 'Spidmax', 2800, 16, 'images/product_images/spidmax.jpg', 'images/product_images/spidmax1.jpg,images/product_images/spidmax2.jpg,images/product_images/spidmax.jpg', 'Energizante con esencia cítrica', 140, 1);
INSERT INTO `productos` (`id_producto`, `categoria`, `subcategoria`, `nombre_producto`, `precio_producto`, `bv_puntos`, `imagen_producto`, `imgs_publicidad`, `descripcion`, `stock`, `activo`) VALUES (16, 2, 4, 'Cerveza Poker', 2900, 20, 'images/product_images/poker.jpg', 'images/product_images/poker1.jpg,images/product_images/poker2.jpg,images/product_images/poker3.jpg', 'Cerveza popular colombiana tipo Lager', 300, 1);
INSERT INTO `productos` (`id_producto`, `categoria`, `subcategoria`, `nombre_producto`, `precio_producto`, `bv_puntos`, `imagen_producto`, `imgs_publicidad`, `descripcion`, `stock`, `activo`) VALUES (17, 2, 4, 'Cerveza Águila', 3000, 22, 'images/product_images/aguila.jpg', 'images/product_images/aguila1.jpg,images/product_images/aguila2.jpg,images/product_images/aguila3.jpg', 'Refrescante y suave, muy tradicional en Colombia', 280, 1);
INSERT INTO `productos` (`id_producto`, `categoria`, `subcategoria`, `nombre_producto`, `precio_producto`, `bv_puntos`, `imagen_producto`, `imgs_publicidad`, `descripcion`, `stock`, `activo`) VALUES (18, 2, 4, 'Club Colombia Dorada', 3800, 30, 'images/product_images/club_colombia.jpg', 'images/product_images/club1.jpg,images/product_images/club2.jpg,images/product_images/club3.jpg', 'Cerveza premium dorada con sabor equilibrado', 260, 1);
INSERT INTO `productos` (`id_producto`, `categoria`, `subcategoria`, `nombre_producto`, `precio_producto`, `bv_puntos`, `imagen_producto`, `imgs_publicidad`, `descripcion`, `stock`, `activo`) VALUES (19, 2, 4, 'Cerveza Costeña', 3100, 24, 'images/product_images/costena.jpg', 'images/product_images/costena1.jpg,images/product_images/costena2.jpg,images/product_images/costena3.jpg', 'Cerveza costeña con sabor tradicional', 240, 1);
INSERT INTO `productos` (`id_producto`, `categoria`, `subcategoria`, `nombre_producto`, `precio_producto`, `bv_puntos`, `imagen_producto`, `imgs_publicidad`, `descripcion`, `stock`, `activo`) VALUES (20, 2, 4, 'Corona', 6700, 40, 'images/product_images/corona.jpg', 'images/product_images/corona1.jpg,images/product_images/corona2.jpg,images/product_images/corona3.jpg', 'Cerveza importada, muy consumida en Colombia', 220, 1);
INSERT INTO `productos` (`id_producto`, `categoria`, `subcategoria`, `nombre_producto`, `precio_producto`, `bv_puntos`, `imagen_producto`, `imgs_publicidad`, `descripcion`, `stock`, `activo`) VALUES (21, 2, 5, 'Postobón Colombiana', 2200, 12, 'images/product_images/colombiana.jpg', 'images/product_images/colombiana1.jpg,images/product_images/colombiana2.jpg,images/product_images/colombiana3.jpg', 'Gaseosa con sabor tradicional colombiano', 500, 1);
INSERT INTO `productos` (`id_producto`, `categoria`, `subcategoria`, `nombre_producto`, `precio_producto`, `bv_puntos`, `imagen_producto`, `imgs_publicidad`, `descripcion`, `stock`, `activo`) VALUES (22, 2, 5, 'Manzana Postobón', 2200, 12, 'images/product_images/manzana.jpg', 'images/product_images/manzana1.jpg,images/product_images/manzana2.jpg,images/product_images/manzana3.jpg', 'Refresco dulce con sabor a manzana', 480, 1);
INSERT INTO `productos` (`id_producto`, `categoria`, `subcategoria`, `nombre_producto`, `precio_producto`, `bv_puntos`, `imagen_producto`, `imgs_publicidad`, `descripcion`, `stock`, `activo`) VALUES (23, 2, 5, 'Uva Postobón', 2200, 12, 'images/product_images/uva_postobon.jpg', 'images/product_images/uva1.jpg,images/product_images/uva2.jpg,images/product_images/uva3.jpg', 'Gaseosa sabor uva intensa', 460, 1);
INSERT INTO `productos` (`id_producto`, `categoria`, `subcategoria`, `nombre_producto`, `precio_producto`, `bv_puntos`, `imagen_producto`, `imgs_publicidad`, `descripcion`, `stock`, `activo`) VALUES (24, 2, 5, 'Naranja Postobón', 2200, 12, 'images/product_images/naranja_postobon.jpg', 'images/product_images/naranja1.jpg,images/product_images/naranja2.jpg,images/product_images/naranja3.jpg', 'Refresco de naranja artificial', 440, 1);
INSERT INTO `productos` (`id_producto`, `categoria`, `subcategoria`, `nombre_producto`, `precio_producto`, `bv_puntos`, `imagen_producto`, `imgs_publicidad`, `descripcion`, `stock`, `activo`) VALUES (25, 2, 5, 'H2O Limónata', 2500, 14, 'images/product_images/h2o_limonata.jpg', 'images/product_images/h2o_limonata1.jpg,images/product_images/h2o_limonata2.jpg,images/product_images/h2o_limonata3.jpg', 'Refresco de limón con gas', 420, 1);
